revenue,net_income,ebit,depreciation_amortization,current_assets,current_liabilities,total_assets,total_liabilities,total_equity,long_term_debt,operating_cash_flow,cash_and_equiv,inventory,retained_earnings,current_ratio,quick_ratio,cash_ratio,debt_to_equity,debt_to_assets,long_term_debt_to_equity,cfo_to_debt,ebit_to_long_term_debt,asset_turnover,inventory_turnover,ebitda,ebitda_margin,net_profit_margin,roa,retained_earnings_to_assets,log_total_assets,is_retail,current_ratio_roll4q_mean,current_ratio_qoq_change,debt_to_equity_roll4q_mean,debt_to_equity_qoq_change,cfo_to_debt_roll4q_mean,cfo_to_debt_qoq_change,ebitda_margin_roll4q_mean,ebitda_margin_qoq_change,net_profit_margin_roll4q_mean,net_profit_margin_qoq_change,roa_roll4q_mean,roa_qoq_change,asset_turnover_roll4q_mean,asset_turnover_qoq_change,label_distress
-0.48523307875375055,-0.8661423216499389,-0.5619141263274731,-0.43218268961995465,-0.4821721084606067,-0.4062382155665011,-0.4832773588508809,-0.38347606678652335,-0.8894880213864216,-0.36427942754125836,-0.24747507986827869,-0.44827005867343367,-0.41666594570045157,-0.6030385774160354,-0.3686680985583147,-0.6047603932535832,-0.210082835751418,0.10565734073597587,0.5866083382165616,-0.5810023265681129,-0.6399998392876676,-0.2483477837804902,1.7912178336464473,-0.4830995533303082,-0.6245866727936784,-0.45193702728738155,-0.49558052570946187,-0.4326247224113531,-0.18254290435824333,-1.7541414124283023,2.179449471770337,-0.3166647337106714,-0.14606671241033756,-0.16908589828131382,0.08748615141257711,0.006224890575030412,0.08141009865786077,-0.2702367611184965,-0.028243359176090277,-0.30418108109601516,-0.10888470560635363,-0.1542950746930757,-0.1081803991510799,-0.235218125441427,-0.11948603894131075,0
-0.4238234082346879,-0.8335807080707587,-0.5417919551269925,-0.4366853914181677,-0.4751604253992289,-0.40014753595858216,-0.47927198740347904,-0.3797323649902715,-0.88496537599676,-0.36427942754125836,-0.29949560567043026,-0.4802586478717763,-0.42726302201633853,-0.5927907639285013,-0.3847867662955123,-0.44821824628393314,-0.5506051518054701,0.14822557400884023,0.6722702298435946,-0.5810023265681129,-1.2983868958280547,-0.2483477837804902,2.254800547135948,-0.29518840251761264,-0.6117720108627328,-0.45130737581102753,-0.49112540788619435,-0.1793926288931216,-0.12391796303454362,-1.6611948851705023,2.179449471770337,-0.3206442400396166,-0.4249462495323197,0.44761267855761344,0.5373994026661036,-1.8272101697767833,0.5535120759957058,-0.572442689124717,-0.02012062565979526,-0.6203105981136987,-0.10774167482065451,-0.2793033756193746,-0.10216046965155938,2.532865055356965,-0.060026275160325784,0
-0.40163445239973433,-0.8381713091565973,-0.528345238283728,-0.43157472775386313,-0.4587443663291573,-0.3838930790967049,-0.46987726732505336,-0.3698128273624872,-0.8800945061531681,-0.36427942754125836,-0.09717839037621659,-0.40521078069023075,-0.39706521577181164,-0.5829877045272986,-0.4345003418465421,-0.6193994873850811,-0.19755007260301966,0.2953727298073379,0.9163275273023701,-0.5810023265681129,1.009933265511429,-0.2483477837804902,1.883156925756538,-0.443957887373134,-0.5993266728104318,-0.4467612427971787,-0.49661962200842524,-0.42485102066600994,-0.16244904118697198,-1.4737462486581154,2.179449471770337,-0.34373436726675793,-0.7216844034414535,0.5807379572830937,1.3139404771002132,-0.5719725827472814,-0.16812907817051415,-0.5698912135952074,0.08694024502933463,-0.6220604279400684,-0.11329746924064364,-0.3353852167078699,-0.11722872777618049,2.477098276274554,-0.170654260998086,0
-0.38275721368088605,-0.8117547432834883,-0.5158969747861769,-0.43629054462230016,-0.46857287159820465,-0.3963532884613816,-0.47552518737597743,-0.3774335424072672,-0.8746719075161786,-0.36427942754125836,-0.28943665365178833,-0.45985127777181034,-0.4344120165860804,-0.5706100592784767,-0.36833806286590315,-0.31301573820247003,-0.42842228870592514,0.12477789209128788,0.6260783801181213,-0.5810023265681129,-1.1043917637668024,-0.2483477837804902,2.4378969323683677,-0.12982725336395945,-0.59232193450509,-0.44528742566409085,-0.4890970185912383,-0.06439462041564732,0.06119500207533393,-1.5818827725206592,2.179449471770337,-0.33544709785459825,0.32944632425915765,0.5461741030688276,-0.8634661573291166,-0.9500929636246009,-0.05082085460288826,-0.5680352803574178,-0.0022812272454489175,-0.6199131515789854,-0.1058296404835777,-0.23585129078748565,-0.09862873908294251,2.6151188683977438,-0.04965347985441006,0
-0.5011597549427462,-0.6737143556232372,-0.4190084869651709,-0.3851722966417522,-0.4215647765202007,-0.3938229092555856,-0.436392845102623,-0.37495491135781445,-0.6586738974338128,-0.36427942754125836,-0.12096269160421623,-0.46119211311259894,-0.4495919715027657,-0.47022155248091085,0.09492466442840185,0.7778738826211985,-0.46092235235358464,-0.25728716097644905,-0.7062338788929631,-0.5810023265681129,0.9171778303778464,-0.2483477837804902,0.176639864579349,-0.2391298695775524,-0.4958149226628479,-0.34050235665000217,-0.3741130330291397,0.07018780844496075,0.23560713304368663,-1.0067980083413546,-0.4588314677411235,-0.3166647337106714,-0.14606671241033756,-0.16908589828131382,0.08748615141257711,0.006224890575030412,0.08141009865786077,-0.2702367611184965,-0.028243359176090277,-0.30418108109601516,-0.10888470560635363,-0.1542950746930757,-0.1081803991510799,-0.235218125441427,-0.11948603894131075,0
-0.559355788737098,-0.787676608699117,-0.47616956625568146,-0.38311021464353745,-0.4187231653629258,-0.3881517666112654,-0.4351226760606902,-0.371468370806109,-0.6688258595943118,-0.36427942754125836,-0.43461081755254705,-0.47453183994885767,-0.4223909880336166,-0.49382193387817785,0.005673566460664201,0.4234465024006011,-0.5905356056853371,-0.2316246712960945,-0.5589893193128601,-0.5810023265681129,-2.5296417987496778,-0.2483477837804902,-0.17675946017568414,-0.5936409691843225,-0.5373468408335732,-0.3300122125824803,-0.40365190128532585,-0.5276456755916683,0.08005609358788335,-0.9929545392252971,-0.4588314677411235,0.19136549352429422,-0.7816593536103212,-0.4330262577543251,0.7945715290579852,-1.5171411975975349,-0.25954999215304486,-0.3892058505540586,0.027410259278088076,-0.4524273189229599,-0.11497632756837235,-0.16989817461651094,-0.12368913440130554,0.11273889663749462,-0.24573935776799904,0
-0.5709922296498414,-0.7920356927031232,-0.520457597889807,-0.3872338717446906,-0.42820496967283833,-0.39918756635345365,-0.4399130059526316,-0.3780347048341451,-0.66370883289114,-0.36427942754125836,-0.31871266197472164,-0.44687386756440095,-0.41839838136193225,-0.491083668165288,0.15072714228904707,0.5752116578704594,-0.29940996519927937,-0.2708194224049721,-0.7898104046805446,-0.5810023265681129,-1.492344668323306,-0.2483477837804902,-0.20121733655724464,-0.6290482811056594,-0.5722608088591701,-0.3616789375306302,-0.39529153781631815,-0.5047208354659053,0.152808461609638,-1.046269681439282,-0.4588314677411235,0.2315036125891918,0.576954471665806,-0.4538635349978225,-0.6342630169489291,-1.9523000275968687,0.1463260342369132,-0.4030743494036244,-0.22094982724903006,-0.45586042779903513,-0.1087730846716301,-0.3001390747086104,-0.10988144215654086,0.032526337662895324,-0.1376134830936013,0
-0.4892394075900009,-0.6752880018328518,-0.41370203296790853,-0.3881445686157163,-0.4260829499096526,-0.3983451056112865,-0.4381627518404725,-0.3775199724279488,-0.6560830539470109,-0.36427942754125836,-0.13481992507769605,-0.4451973378946027,-0.426257632483301,-0.4741154693240414,0.15367937596831482,0.6614485724233736,-0.29699578593889325,-0.2724298599451008,-0.8000511215644334,-0.5810023265681129,0.8353250938264258,-0.2483477837804902,0.2724847621971455,-0.43617952557209655,-0.49328886421241613,-0.3466934073507666,-0.3844933986450909,0.09134875315067233,0.23520506447101647,-1.0264359822452627,-0.4588314677411235,0.25245761264060546,-0.2708410738453255,-0.465236820921555,0.14516647525094092,-1.0626567438986831,-0.10700305764315934,-0.40410926669541286,0.07146881553126302,-0.4532388508519923,-0.10842859390829555,-0.1542950746930757,-0.0887342162816969,0.13408834128019836,0.11404582317334214,0
-0.08205420016985147,0.8460631424783767,0.5818434944173649,-0.015527423982272344,-0.12159947987536283,-0.12315769953011464,-0.1479948042975388,-0.19076438486433414,0.09712163902346639,-0.2981460909364962,0.19613323015264802,0.1959786566402797,-0.44733028692220755,0.19226656084830057,-0.4212520952513326,0.0038767590720726916,-0.05491608433185019,-0.10549441262193092,0.0027713739693079856,-0.40226774189002007,0.51331570485895,-0.1740299011340947,-0.15088602235961654,0.9817524588807554,0.42536560294350434,-0.18976613777432044,-0.1898186881423492,0.7821608275539963,0.28851344744873036,0.37643640056538125,-0.4588314677411235,-0.3166647337106714,-0.14606671241033756,-0.16908589828131382,0.08748615141257711,0.006224890575030412,0.08141009865786077,-0.2702367611184965,-0.028243359176090277,-0.30418108109601516,-0.10888470560635363,-0.1542950746930757,-0.1081803991510799,-0.235218125441427,-0.11948603894131075,0
-0.06059449032460153,0.9513912166579219,0.664444655826881,-0.008293379677223075,-0.11420117536640176,-0.1353416691955006,-0.141225670623916,-0.198678925352331,0.1765260001168941,-0.29955045234219985,0.21156253450965168,0.18391378330356398,-0.4478366454871899,0.2015382361189383,-0.37627372339892373,0.09395547767651638,-0.03571761333862945,-0.14089861634997838,-0.13266158078335136,-0.41814396620062816,0.5742543816278465,-0.16505495419249921,-0.13732383356773722,1.0679740995835658,0.49026483174701535,-0.18276957700692253,-0.18171736363793647,0.8661832409854301,0.2803619451813129,0.3932427374171585,-0.4588314677411235,-0.3470650298285575,0.1252265703833112,-0.14550200986229814,-0.2843710152731075,1.0515556522817797,0.23857594787818148,-0.15459603563017385,-0.016560516672073453,-0.12602399388646957,-0.10976440770580718,1.3206974061166277,-0.10955115689458302,-0.05957721793144133,-0.11917610925494071,0
0.05121533630481654,1.0124030888461315,0.7160962962232325,0.03899259703318402,-0.07804854990460715,-0.08965770651697585,-0.11638017048270485,-0.17477740565552582,0.20115792308324557,-0.3183225591024366,0.18789052182260435,0.2324725008058858,-0.4447839803742133,0.22598630632872527,-0.4205352963299298,0.007898651654319936,-0.09730761044746876,-0.11327250789826585,-0.025756654679605005,-0.46779969226486207,0.443778712842002,-0.11571881567192203,-0.05063636465330046,1.2580172745047773,0.5512914319075659,-0.21420264670791284,-0.22535554052876008,0.7982975660310528,0.24069796599343352,0.45246491008568895,-0.4588314677411235,-0.3557668104906307,-0.6700315068705112,-0.13765823997348503,0.5953295944958524,0.988127823681421,0.20011745816164783,-0.16925876679105206,-0.13062374709307698,-0.14722960311078526,-0.11351315569403621,1.3084872144055697,-0.1116864008175807,-0.022306168121152572,-0.08510632138208307,0
-0.23545734527621096,0.6739836660127904,0.4365482278151775,-0.20035345324763268,-0.21135625029298408,-0.22768510910851994,-0.2062958270580554,-0.25964905669681304,0.10381316388130363,-0.3255335850082693,-0.5111337059448625,0.04883001150567719,-0.4681746627537672,0.5584876468867356,-0.2979403889092046,0.26988793603896505,0.09835221509629266,-0.2148941283298678,-0.47014662398894175,-0.47693680785416115,-1.0972893278397187,-0.12566025577837917,-0.2419427792196714,1.758678280307772,0.22892833463535167,-0.16266798094019244,-0.11847937218440617,0.9311473395955849,1.0957788617637336,0.21764147004286616,-0.4588314677411235,-0.3233695254461199,0.8347909795353831,-0.19397638505253392,-1.195619492747299,0.22336081799049415,-0.1299456565383447,-0.15630255454957623,0.13233181266301386,-0.11489511520802488,-0.1015753088318818,1.3494010907574545,-0.10886731478113253,-0.06088392424174264,-0.20663627817859861,0
0.4159649744231128,2.196885289827299,1.6666087525181588,-0.030765512907190012,-0.024115319471799693,-0.32584071372609247,-0.11411733570789857,-0.30548573749808033,0.8729945509811571,-0.3180847652418736,0.2510890279545396,0.2219443275449334,-0.42282775911691495,0.18346351627613547,1.3336861044107489,3.3897305195577365,1.480689519826827,-0.35489871013520624,-1.4272608302448837,-0.5086193649040144,1.6118790418998403,-0.005735474032528717,0.3920071100990511,1.2823714613630823,1.2249547499971163,-0.202152538290587,-0.2003682569269553,2.0608285968868714,0.18123462219607372,0.4576770263862666,-0.4588314677411235,-0.3166647337106714,-0.14606671241033756,-0.16908589828131382,0.08748615141257711,0.006224890575030412,0.08141009865786077,-0.2702367611184965,-0.028243359176090277,-0.30418108109601516,-0.10888470560635363,-0.1542950746930757,-0.1081803991510799,-0.235218125441427,-0.11948603894131075,0
0.6235902381377436,0.7628246155344934,0.6121646600187745,0.010262018236775942,0.018450451462285744,-0.2593940255392953,-0.09006824560386316,-0.2648530071000188,0.8086697099637464,-0.3181403347699218,0.14315968931516884,0.3137402998280993,-0.44076683265350824,0.03216338667255355,0.5897343440303104,2.005360800393856,0.8330694284438253,-0.31318836254476234,-1.0825649058074343,-0.5060967503810413,0.7696661940905348,-0.12846006547183933,0.5565292466448385,2.579590605371393,0.46024884295563406,-0.3424261937339553,-0.38418049895938683,0.41575121800966053,-0.05638221334870399,0.5113482453692614,-0.4588314677411235,1.2841578768026962,-2.4076410221682685,-0.6454519564542959,2.1791829935345874,2.282588232915653,0.1503046155147681,-0.29005189040460067,-0.4808156732815133,-0.2971788720465197,-0.12436248661495153,1.906965526780528,-0.12537635461518376,0.6801607441589418,-0.07850918512158388,0
0.9194226970267606,-0.0374758719028465,0.061868237434804275,-0.09131334627273213,0.01637708536620417,-0.2723528733274161,-0.09143112714887026,-0.2732310057358768,0.8429278348228406,-0.32730075814595466,-0.17561434720719937,-0.03230364748412481,-0.39786206714075295,0.11403231810272295,0.7129691412915707,2.1343122347308654,0.17688588399658597,-0.3235241482915413,-1.1621584784049994,-0.5221008155664008,-0.14510652769425084,-0.1732661305764643,0.905399770193057,1.4211968396660042,0.0023632210926722345,-0.4152547510286637,-0.4721035344877592,-0.3943293070580482,0.043400255374304246,0.5083875303380999,-0.4588314677411235,1.1847434053982973,0.20964629761542455,-0.6371376069530091,-0.15819034937838178,1.4353227333868328,0.07911565348107032,-0.3650931939919247,-0.49612399708487637,-0.3935068899995061,-0.12498524288870157,1.1365306171079221,-0.12478755572405709,0.8520765890638768,-0.03645573017229738,0
0.7098081291872048,1.0118482524011425,0.819715719468033,-0.1138374852246938,0.010785520198604617,-0.3037973901337047,-0.09439572312498101,-0.29231081094258615,0.9217589788345689,-0.3270432619167808,-0.27208433235249574,4.7793930703518846e-05,-0.4266099357662564,0.29262493781294985,1.0994015637680656,2.962357746616465,0.5068436578998881,-0.34571257052794463,-1.345710772173939,-0.5241579049973204,-0.4647423684134261,-0.06436419524835427,0.6729962740589392,2.0047686020634505,0.5552997443411105,-0.3398816071294312,-0.3724211096046722,0.6888457364444054,0.2632569249719756,0.5019147379816135,-0.4588314677411235,1.2508703974852626,1.1699351219350316,-0.6461334523571042,-0.6130743205251956,0.8596460537159796,-0.1345545117812429,-0.37294180853147363,0.9411633146324748,-0.4016236788884392,-0.0721508940748322,1.1346768361394328,-0.07552399627285465,0.8685304827788686,-0.1739938466813585,0
-0.642078152228173,-0.54905925867227,-0.30460436382832484,-0.38531987561165815,-0.4905346595929301,-0.4242830490988254,-0.43389130975224005,-0.38302055037601057,-0.6034259987655951,-0.3213898973726239,-0.13023535590785315,-0.25946359133552627,-0.489434244905697,-0.4484690804611814,-0.00045700701564329086,0.89108532113617,3.0788815064127997,-0.32279285412107483,-1.1564096309917158,-0.2455511966041961,1.124290212134238,-0.2327426657646886,-0.6595565119679524,2.7305736782943537,-0.41078895997418957,0.27967802590174984,0.31845304870322155,0.6534007001335527,0.3307317959038945,-0.9797266327614647,-0.4588314677411235,-0.3166647337106714,-0.14606671241033756,-0.16908589828131382,0.08748615141257711,0.006224890575030412,0.08141009865786077,-0.2702367611184965,-0.028243359176090277,-0.30418108109601516,-0.10888470560635363,-0.1542950746930757,-0.1081803991510799,-0.235218125441427,-0.11948603894131075,0
-0.6396070878459541,-0.6611806516163024,-0.37395583636255425,-0.38525620109801967,-0.49555730496336803,-0.42933979246737225,-0.43280431970713396,-0.3839468304318026,-0.5924118171071212,-0.31415298075273834,-0.17287125929968158,-0.37156410199867634,-0.48965492960258195,-0.42961371852414854,0.1353818345750055,1.1650015974746204,1.952824158114466,-0.3305788597844113,-1.2185695984754525,-0.20028582991055308,0.5111530578332464,-0.24571825347956203,-0.6494976333567323,3.347429751358491,-0.4623437991436875,0.09897050516146245,0.048372041439112355,0.07597830507713178,0.42446290000219944,-0.9682030233397593,-0.4588314677411235,0.21194448527892987,0.5261810222200864,-0.628005793903141,-0.09266183958112383,1.5727787524155596,0.15197843396371769,0.436839209719238,-0.24827272128801095,0.46724630806210027,-0.11849348823713454,0.6702063798560561,-0.11955062877250773,-0.6701772476815433,-0.1131286913652628,0
-0.6372251723555626,-0.46141502054071987,-0.26048865083075257,-0.37022135703598863,-0.49484644381918946,-0.4313294573883796,-0.4304870201852218,-0.38515078472762027,-0.5728148846527501,-0.31402931755025326,-0.17136267206920947,-0.4139048973745382,-0.48949897708633744,-0.39524612867999864,0.28836726557050857,1.4697935744466408,1.392145939504352,-0.3415134765251701,-1.3095613127235393,-0.21802146374863532,0.5728232502228388,-0.23362315915104687,-0.644693199047323,3.1738821850549237,-0.3707562127557694,0.32847782714856033,0.4244225592489457,1.0013082377947329,0.5841570129232952,-0.944100008950797,-0.4588314677411235,0.3002336364430917,0.5366937344001129,-0.6397252980063788,-0.2307555653885171,1.4174548573103913,0.23876511233077757,0.5098797199193674,0.31259504546987305,0.5963467132392232,-0.0938407491393868,0.9706275027875543,-0.09081318669487654,-0.6662559421607086,-0.11983750497378233,0
-0.6436076507242973,-0.5189413302672755,-0.336863455659174,-0.36833843616873935,-0.49453797389205867,-0.433480217846656,-0.4288541991036375,-0.3867251947384628,-0.555347829522088,-0.31512891959305683,-0.18547585653847976,-0.39448098588338143,-0.4892926119198903,-0.3623577650797436,0.47568884614073054,1.841266179686119,2.1013588496149675,-0.35240689453242685,-1.404796469870803,-0.24080164347646676,0.3848977168767426,-0.24115265030623112,-0.6849121620510048,2.404074877371292,-0.4266654136162261,0.2524154079575932,0.41021776479949057,0.6887005038221145,0.7396310317944624,-0.9274816664485659,-0.4588314677411235,0.40052839345803914,0.618884194830195,-0.6520425324817983,-0.27066516556286213,1.2504007547497324,0.18878406529508945,0.5164565917516512,-0.12102572900133773,0.6551901673183751,-0.11074342876591105,1.0101980988163928,-0.11480128592617773,-0.6763234215364196,-0.17330850729494246,0
-0.611221879324656,-0.604448432237667,-0.40885164748700875,-0.3103133099095775,-0.4567864822926494,-0.33215662144084357,-0.4020822344325131,-0.32802900007967334,-0.6947939620985435,-0.33030168678233573,-0.33469291924408295,-0.5176640381295524,-0.4757835384053378,-0.6294125389284392,-0.7620269409980066,-0.6899245648707373,-0.9088432812911622,0.05039618973391426,0.4623632542809776,-0.2280744099012388,-0.8557768614033477,-0.23922113585819796,-0.6142966975391987,-0.1326679580377953,-0.4524708101097189,-0.07403404236626826,-0.06616081815281152,-0.07411178607913017,-0.761566632406383,-0.6901951428890114,-0.4588314677411235,-0.3166647337106714,-0.14606671241033756,-0.16908589828131382,0.08748615141257711,0.006224890575030412,0.08141009865786077,-0.2702367611184965,-0.028243359176090277,-0.30418108109601516,-0.10888470560635363,-0.1542950746930757,-0.1081803991510799,-0.235218125441427,-0.11948603894131075,1
-0.6272115364887416,-0.6614153959397838,-0.4194839689943923,-0.39470712532095686,-0.45040321106176834,-0.3500855386187994,-0.39408326068598076,-0.3342610504695631,-0.6166866342860347,-0.3132303898829379,-0.23021680331950725,-0.47030239252927947,-0.4755605082742289,-0.6038487542886641,-0.6434458669048424,-0.4599849664792076,-0.7107024241197996,-0.08872793397310035,0.062095057727852246,-0.166887214846099,-0.3256733509277957,-0.2509773140814184,-0.6996086647359059,-0.27542544515856304,-0.5007270884907191,-0.09473806174432335,-0.05590071442260721,-0.34788637486164037,-0.6659514178677901,-0.6295764556280444,-0.4588314677411235,-0.7115327397868491,1.6158068446095484,0.1011702629431511,-1.0880628541307429,-1.107093155646325,0.06366312745710222,0.005834620013838208,-0.08267739277801808,0.07442781070302053,-0.10980294642614798,-0.14479795960153938,-0.11736432608704458,-0.6730789176472921,-0.21824702622114128,0
-0.629643630892867,-0.3372946982773194,-0.1223951383513494,-0.27058664182398656,-0.4781094092638775,-0.36351502092890153,-0.40034687600915847,-0.3463062520381722,-0.5925645026340192,-0.3297645145974048,0.0033342984621300446,-0.4823763130347466,-0.4750969584285374,-0.5688738559493286,-0.7500356919171218,-0.6912582696281684,-0.7289779168005218,-0.1647356689299629,-0.23257159650116632,-0.3187522162489112,1.1934295602379683,-0.1950314477699577,-0.6954325758393753,-0.31149686204099325,-0.2204047597402128,0.6057749110595784,0.5368498754129483,0.873696103367066,-0.5081664190832061,-0.6767065508650235,-0.4588314677411235,-0.7304368695572303,-1.6417468671053326,-0.013885685362878177,-0.777305892367482,0.024485774637010033,-8.744997531202975,0.3680941862108227,1.5640052444587693,0.39469098878896136,-0.07870430118498577,0.3670709615509171,-0.07292500743032163,-0.688422965114502,-0.11967835093632001,0
-0.6313321378980539,-0.17773937231594134,-0.16000372516426725,-0.3351618496296275,-0.4821231079118146,-0.37874757585302954,-0.40107481142191337,-0.35662757971019154,-0.5448068157429301,-0.32982890959002914,-0.2104335059942265,-0.5075843321716527,-0.48692026214213713,-0.49065002852284517,-0.6869228563138492,-0.5040148095420974,-0.8220608431157923,-0.23703720775629944,-0.5888949279187979,-0.34841504221308367,-0.18400274617155452,-0.20076697088257106,-0.7007524718718748,1.0585483210134803,-0.2792515820789587,0.4858269811443017,0.8548605450573005,1.4671048049481825,-0.1745807924847727,-0.6823409992887282,-0.4588314677411235,-0.7209706808216751,0.6998355325357845,-0.11427311059669956,-0.9736659528300347,-0.06493983427367522,0.06774446659598088,0.5020042400943833,-0.13565313528539635,0.6825827451069211,-0.10273179774136096,0.8330281154193319,-0.10262038226791509,-0.6976859898996136,-0.13307260499784157,0
0.6317470412712708,1.841550645619039,1.279063919922114,0.514763152597718,0.23878797960936493,0.3018936409753496,0.5920727730587579,0.2273191359206627,2.3115840769995826,0.29503029913376605,0.10515355147364694,0.24452286908926707,0.5481221565938256,2.804202035767161,-0.5740996302855618,-0.8987080358192264,-0.5373024921642419,-0.12497169386146235,-0.06993469726872073,-0.0003495790134705967,-0.07743495635181533,-0.25560021159722546,-0.377692314746838,-0.6885385199693028,1.1975005740781013,-0.25129468882100536,-0.2875631301005501,-0.221349614242257,0.7171588137927128,1.3987596703135692,-0.4588314677411235,-0.3166647337106714,-0.14606671241033756,-0.16908589828131382,0.08748615141257711,0.006224890575030412,0.08141009865786077,-0.2702367611184965,-0.028243359176090277,-0.30418108109601516,-0.10888470560635363,-0.1542950746930757,-0.1081803991510799,-0.235218125441427,-0.11948603894131075,0
0.6501380747131879,1.6767922611631263,1.1306784982149005,0.8416678549522079,0.2212278474271913,0.27342988918048167,0.6102197176175815,0.2208740692225808,2.4500171636193686,0.3202274465179889,0.6085299968786467,0.12864734203227626,0.479393799873676,2.2569349627258535,-0.5638734462774773,-0.8585656166322134,-0.5859079987882048,-0.14131369701900917,-0.13433792036807088,-0.0025363701092144405,0.2626064313129393,-0.25733506140704343,-0.3791356864726509,-0.6741012711775991,1.2434172988416905,-0.24881561926157802,-0.305700302810388,-0.3027465753729362,0.4447394059973265,1.4138891760322543,-0.4588314677411235,-0.5511651152744904,-0.17060047627721076,-0.16908589828131382,-0.04397798027387681,0.19305223207849959,0.4907208617895958,-0.2550402492927076,-0.028243359176090277,-0.30418108109601516,-0.11222232353448199,-0.21706822764746195,-0.11298250872822736,-0.3398729069299474,-0.1265646621669587,0
1.0117082857018125,1.5958716414755232,1.1293141057407479,1.2642980823040681,0.28730890130685405,0.36955073681969475,0.6641430159311991,0.26362379631896776,2.549455788464461,0.2990593408753284,0.6356517276423372,0.07114958448026856,0.632705375622641,2.487807144546085,-0.5904717859242553,-0.9270628703111928,-0.6578155302932198,-0.12970390356253894,-0.088253164475372,-0.03624883274662402,0.2442258811158133,-0.25690933736334187,-0.25367191257666993,-0.6566434772249694,1.4444570382735922,-0.2790068787611572,-0.36085053131347866,-0.3788223852411288,0.4844414663224588,1.457455134320749,-0.4588314677411235,-0.5597521348059813,-0.5833951779802223,-0.16636793432735644,0.3583722961700655,0.2892281941483587,0.22010305687994117,-0.2702367611184965,-0.1520378879759255,-0.33858079285259024,-0.11645575485272339,-0.2721741513698202,-0.1130038655157762,-0.2901313851620184,-0.04317972703866599,0
1.2605886520811986,4.97080403549223,3.4655648950814255,1.2474391693684928,0.29297344895163474,0.3013912418025659,0.6707101643580121,0.22561786604898515,2.779307851830573,0.30721998343365,0.46004388497103466,0.3002437283594773,0.4345345410542074,3.032811180151627,-0.5293174787310693,-0.7362182918926184,-0.5068950836666661,-0.16636977400376438,-0.23970327430809726,-0.06332428335915544,0.1595366259203041,-0.23834903128581642,-0.1532175664177019,-0.5782738885798492,3.17415610874557,-0.1585116631003252,-0.1763367249527944,0.8569556000154359,0.7104708705178073,1.4626250177984255,-0.4588314677411235,-0.5457144654633409,0.4250212657155125,-0.1867440233602145,-0.33786067943048975,0.2970313086557955,0.19896351908845897,-0.23039983862340868,0.4857573732601873,-0.2816525863248288,-0.08368424054334343,0.13764669015819367,-0.07122458026087322,-0.235218125441427,-0.07109756941960438,0
0.338956467820693,0.987062471608038,0.54267293507269,0.2824521520653889,-0.3700033471453935,0.03701044158776737,-0.23504324168984914,-0.06268769085349805,-1.056504170665324,-0.2453051829269385,-0.008156391783894447,-0.03527716235659365,-0.41527307523812196,-2.3409825826786665,-0.9946782840753675,-1.1763695341854135,-0.5431119975974582,-7.478982689460325,2.7114446161485155,-4.718458199200166,-0.0328948629566929,-0.21888071688987404,0.8342505250584977,0.9369142236863105,0.5386901829024979,-0.29105875766757544,-0.31551377186185814,1.635645709293833,-3.874893107028201,0.12816528082121798,-0.4588314677411235,-0.3166647337106714,-0.14606671241033756,-0.16908589828131382,0.08748615141257711,0.006224890575030412,0.08141009865786077,-0.2702367611184965,-0.028243359176090277,-0.30418108109601516,-0.10888470560635363,-0.1542950746930757,-0.1081803991510799,-0.235218125441427,-0.11948603894131075,1
0.42672055324649055,-0.4653754883267537,-0.29596340839427765,0.27158004837020394,-0.2823375677232756,0.04308454750129903,-0.18261177196288433,-0.052376604127734046,-0.80232150796241,-0.2540290942432745,0.25749166731248085,0.6523968748960498,-0.4268285817355531,-2.317834599923424,-0.8881627559842792,-0.947049686125777,0.017716690855774916,3.0692766420796826,2.0292550190179823,1.2843040797909242,0.27351527847384827,-0.25570915310113584,0.6839992953724648,1.4367493454570082,-0.09030538057287345,-0.3989087162449083,-0.4883343190226785,-0.6993240738710774,-3.375197677819362,0.2854295975018314,-0.4588314677411235,-0.9977177352827933,3.2268470618862204,-5.081422144983322,-6.706742384531611,0.24580398114593158,0.4241992927083324,-0.4045218446205231,-0.535586350872738,-0.4733850336447885,-0.13029245179283586,0.8166910823496439,-0.13449711907611295,1.020924817083059,-0.15812375340222048,0
0.4975646352064332,-0.6608821766747608,-0.42761722512856337,0.26396229901858953,-0.28742058886354976,0.04034467360712646,-0.1851971398528833,-0.057292163054387175,-0.7926481238317108,-0.2743565360320118,0.07479833558609711,0.18698192846738232,-0.41069887322966936,-2.2976788508640906,-0.8927111610562952,-0.9722259951912883,-0.36199303452889103,2.835160563613219,2.0012441822481337,0.8589281840173523,0.0624958870972636,-0.2601300218150214,0.8020888620681601,1.0943422286555728,-0.1918745905950329,-0.4180359325460801,-0.5110358455150555,-0.9493353844144373,-3.3638523014353825,0.27826402683568874,-0.4588314677411235,-0.9782500417366355,-0.3876801702761299,-1.0978791610092422,-0.1192157310186743,0.20913593416496953,0.1624765834924885,-0.44286631511139796,-0.2382754678533992,-0.5318323045893534,-0.12182679177122933,0.1477729728832548,-0.12289433028329338,1.0380569044163226,-0.09775705512230753,0
0.6677310384679825,2.0048331424260026,1.115810936722092,0.2508629225798524,-0.25788449857471585,0.053535623013532,-0.15812165743493525,-0.04990683289037734,-0.6717725026717413,-0.2868147000767164,0.31756978118323465,0.19090430956386525,-0.4103483242466228,-2.027865143343025,-0.8650872567866364,-0.9141588554939744,-0.37435801094176113,1.5589453576354706,1.7501144342301695,0.1621963856412956,0.34014378903516757,-0.15110561504952255,0.903937046313347,1.3626190356242194,0.9499014696430711,-0.28750449805697154,-0.2798241213216481,2.238179908973063,-2.798917431805286,0.3507163537019565,-0.4588314677411235,-0.9602358503716316,0.3363207416608281,0.13736786307448612,-1.5973479829756427,0.32287307655480874,0.3578105178606709,-0.4106524281039052,1.7292758794823453,-0.4681670801000374,0.09958383010297508,0.9414580539599141,0.14909284296028397,1.0770822967691378,-0.10318599796595343,0
-0.6585263571363971,-0.8154167853370103,-0.5171893366884935,-0.4412486581086531,-0.3093476923757583,-0.4211005803980023,-0.3779419147672006,-0.3497845587385081,-0.44421869449353935,-0.19731024039089404,-0.352151662036538,-0.35304395876794376,-0.0018745993439045873,-0.4155998050172531,3.5172346196324136,0.5265599177675878,1.4168487024392116,-0.2560267626483624,-0.6986677045838846,0.3319558271739267,-1.1738895398823108,-0.26804472726564177,-0.8395313802174171,-0.8467188504095614,-0.595653640666109,-0.1864643558815706,-0.14268569032795328,-0.9266637584691854,-0.019630971891633625,-0.5180452514222708,-0.4588314677411235,-0.3166647337106714,-0.14606671241033756,-0.16908589828131382,0.08748615141257711,0.006224890575030412,0.08141009865786077,-0.2702367611184965,-0.028243359176090277,-0.30418108109601516,-0.10888470560635363,-0.1542950746930757,-0.1081803991510799,-0.235218125441427,-0.11948603894131075,0
-0.6567158293823903,-0.6001377011046629,-0.35874863700193477,-0.4409713904486902,-0.2991080665564856,-0.42227439563305114,-0.36954458242190574,-0.3436207886965796,-0.4262465314886703,-0.1655386423874831,-0.2965855868366073,-0.3590022536555832,-0.00019296368259169808,-0.4633389803360642,3.9197701003585044,1.0191469844336873,1.42905350217742,-0.2435369041320477,-0.6255991329188255,0.4699779743479326,-0.7456976475136888,-0.26422856785637727,-0.841040870282751,-0.8462685371917771,-0.4776691066099218,0.2817032173701901,0.47633586591201416,-0.3277254617763678,-0.226864753547967,-0.46488440482055815,-0.4588314677411235,4.589583298161113,0.33156295369164634,-0.4456548072270358,0.48038433199927977,-1.8093250846165019,0.14229114699327455,0.21370025494681172,1.3630425821086303,0.44059039341597545,-0.07007009111454715,-0.7340074257981826,-0.06475796025073557,-0.8923942580806268,-0.12998771776175633,0
-0.6309776926004746,-0.4304059494619801,-0.24496238608138168,-0.44146548871964153,-0.2908833101980176,-0.42110172005355884,-0.3649781866636525,-0.3425197114922353,-0.4051322717644988,-0.16277141956283547,-0.09730264461320581,-0.34694241467200204,0.0035007863268107257,-0.4332478579396815,3.8887537739042153,1.201127027489343,1.4979903479803856,-0.24799699716511794,-0.651300710027948,0.4450122494864136,0.49066498838036865,-0.2612816599050623,-0.76274770119485,-0.8394908097931871,-0.39326839888555076,0.19579824247223424,0.38986529509382273,0.11840051987525155,-0.14747639507024476,-0.43719514529745285,-0.4588314677411235,4.657627764802051,-0.3304424106419706,-0.44424410233530703,0.08748615141257711,-0.8893889369073815,-0.24491562434881536,0.2914780414705156,-0.13755303297611476,0.5600650186994327,-0.11256137712883665,-0.38216021517591386,-0.09721932276919706,-0.8614754297299925,0.10355667818418378,0
-0.6869500893916416,-0.7300119306467611,-0.5804184296167461,-0.44091621198863906,-0.24520298976183627,-0.422159693444172,-0.3383662248016787,-0.3136004132215598,-0.39547026940969815,-0.040909424440983,-0.2886407386298258,-0.2692647973985564,0.12832638813324,-0.41592282528036273,5.0227257063727855,1.2400614163121324,2.6544995084723633,-0.16745879576458392,-0.2444770580216999,1.0379640074664305,-0.5732452431522383,-0.2705378830687207,-0.9463138485383065,-0.8549662966792824,-0.642526011111188,-0.12157413527446298,1.9262812677892072,-0.8068137445377973,-0.20399201112827195,-0.2903381346941004,-0.4588314677411235,5.031561339645819,1.3279646533739418,-0.39579670789289,2.008099096713785,-0.9355001947883744,-0.005200920290047907,0.2054274068215204,-0.45314477260473174,1.2370544565451735,-0.06766381160527535,-0.5336938769500604,-0.13010109942480544,-0.9009144443322891,-0.4644973362067482,0
-0.01948855691311268,0.11400778174363908,0.008925864997576397,0.059133178222233226,-0.2826023175453344,-0.12985189600651154,0.0460379324740023,0.02464274393168839,0.14463623440668924,0.5806455150894525,-0.08962979925061244,0.23469755847730842,-0.27265170194975963,0.05698500163788825,-0.7130953607260995,-0.8503711628073831,0.012818243744900702,0.20296161874197288,0.7715567783343525,1.8642493983795072,-0.1650342832265264,-0.2674989252876194,-0.3773384332500382,-0.4485397613279863,0.03491015778898496,-0.3124311980618671,-0.35191747917609767,-0.50095098809781,-0.22894044449344067,0.767942615962582,2.179449471770337,-0.3166647337106714,-0.14606671241033756,-0.16908589828131382,0.08748615141257711,0.006224890575030412,0.08141009865786077,-0.2702367611184965,-0.028243359176090277,-0.30418108109601516,-0.10888470560635363,-0.1542950746930757,-0.1081803991510799,-0.235218125441427,-0.11948603894131075,0
0.08594626887405434,0.27491563402609664,0.20345554427766266,0.0550035451997374,-0.2861082573781498,-0.12355350578255685,0.036311808144274836,0.0062839018066006775,0.18035503515160944,0.5291133715485105,-0.09897100473369078,0.43177952762820726,-0.27211900559320756,0.12786713583388656,-0.7293124001732678,-0.8780413035282575,0.23874177041067074,0.15602566281650662,0.6871254996191164,1.659317135758778,-0.16873432625823795,-0.2661233291514678,-0.27238692737523507,-0.3861273540453149,0.17763164850911986,-0.30527071216246054,-0.3524684879835133,-0.3602768835339217,-0.1528851428246421,0.7517658595374581,2.179449471770337,-0.7336754561322457,-0.521348511376747,0.5722217959001747,-0.14339711539500552,-0.3006451558465035,0.22091764197450475,-0.34762448338503693,-0.0005515569123702422,-0.39346760459227653,-0.11043868718284168,-0.45570747800756006,-0.10558037397022721,-0.27581134904852905,-0.05686524476491941,0
0.16300467469837332,0.5554809698131588,0.3965442432300667,0.06607987014533004,-0.2538406891211789,-0.10070994056024106,0.07131069192481276,0.03562140017682002,0.2368796836976924,0.6144924511418491,-0.34102939572034935,0.34720651072123576,-0.2518095766238606,0.22926137523742332,-0.704247959565988,-0.8337148906251539,0.06284314194464176,0.16832840277896038,0.7100613885241991,1.7587794438934,-0.4069098468671509,-0.26548858119389573,-0.24882684965220858,-0.3836330924084545,0.3265510956959561,-0.2925479624601547,-0.330015160205062,-0.2093446452129973,-0.107820206588231,0.8087148557415215,2.179449471770337,-0.7268986748624269,0.08846564039653906,0.5633969773297529,0.27928703621591316,-0.4528785083202128,-0.09229319124530298,-0.3390671824632715,0.025677989834977842,-0.3815877414530044,-0.1072618308368703,-0.35129024194649094,-0.1060185596822967,-0.24549168721205702,-0.1124907387708172,0
0.19164913368284417,0.3453360044045263,0.2732153625877039,0.10729801454714294,-0.29248711355269436,-0.08860451634367837,0.07937890827858474,0.03866255360083058,0.26866469758830136,0.5974360097250109,0.12410813240080869,-0.017444152623106075,-0.2503690854935894,0.3059654893274705,-0.7868808890442212,-0.9934031539235584,-0.3800426250302866,0.15658459530548555,0.6881805248678102,1.6591688155788005,0.032381191860292084,-0.2660808657074275,-0.23472800677638225,-0.37079061333989444,0.2545220459880376,-0.31214609917446,-0.3651812799293943,-0.37751661429361333,-0.05285025792633963,0.8213659339579358,2.179449471770337,-0.7482797420145382,-1.4622297412743779,0.552022985344058,0.09912822775294867,-0.32003383732352725,-0.4556946170300485,-0.3425037023218796,-0.12890310888425713,-0.3897757300044686,-0.11469891897826039,-0.35860203503977817,-0.11530959140849278,-0.22611536903477786,-0.11801756674469338,0
0.6950167436412642,0.13892553649045297,0.16757295264928512,-0.1533395282989092,0.06478272765549196,-0.0071635608225348885,-0.1492117535977811,-0.13966021299348166,-0.16749199643130325,-0.36427942754125836,-0.07998962248970129,-0.09377620925464851,0.01268743517468301,0.22570031457633064,-0.3698837603651688,-0.3655840480626321,-0.5555966087074363,0.11432500513769137,0.6047089977427883,-0.5810023265681129,-0.07032022954538444,-0.2483477837804902,0.8956456095490172,-0.4928768372331281,0.05133491441924776,-0.39838354972960843,-0.4460142909038426,-0.043409966679177805,0.33815302962411115,0.3733827091489906,2.179449471770337,-0.3166647337106714,-0.14606671241033756,-0.16908589828131382,0.08748615141257711,0.006224890575030412,0.08141009865786077,-0.2702367611184965,-0.028243359176090277,-0.30418108109601516,-0.10888470560635363,-0.1542950746930757,-0.1081803991510799,-0.235218125441427,-0.11948603894131075,0
0.7776468780395231,0.22130513277132602,0.22437105852018957,-0.1710959944354527,0.05829601047097705,-0.028910757419495663,-0.15248958810289323,-0.1529474633923324,-0.11967782193887697,-0.36427942754125836,0.05397622169840877,-0.13148852569370992,0.0214026730229413,0.33473538184654306,-0.33587765718183404,-0.33364654669005384,-0.5712844693535103,0.056554411729098295,0.47701792375387053,-0.5810023265681129,0.16130849829772378,-0.2483477837804902,1.024235876929913,-0.4778153544550724,0.0850935413681337,-0.3993694145305088,-0.4445360416879641,0.06574237118922305,0.4997502817282847,0.36510773889556,2.179449471770337,-0.2920517445963791,0.005852150457475316,0.34920580051359407,-0.28309004513771907,0.10345036032999448,0.40056008867082527,-0.4893853628339486,-0.04800260987451695,-0.5430499471901451,-0.10995432053865495,0.1697222077616081,-0.1081803991510799,1.2611537234741115,-0.09871262359984755,0
0.8689994116704121,0.4171882038156607,0.33924671876105067,-0.18648411816475086,0.07496005098448648,-0.009044751250760737,-0.13567458323970014,-0.1408095955429203,-0.08265899624620181,-0.36427942754125836,-0.28644735276899114,-0.16859358841645877,0.0887653153758831,0.4578469901968495,-0.3521201650677994,-0.4131553667817245,-0.6227111384055217,0.05831334950640937,0.48116430303843866,-0.5810023265681129,-0.3931675672596678,-0.2483477837804902,1.0555597282519262,-0.5010905828327584,0.163183917028832,-0.39602153731125955,-0.4350393466025625,0.22797333094282624,0.6030418192374825,0.4068032372286955,2.179449471770337,-0.29174777771808136,-0.42080768044949435,0.32776557720614696,0.20212599346394267,-0.17476561973071464,0.01883407584122945,-0.48788682680127193,-0.0024359250169089424,-0.5375669863503705,-0.10777940494896937,0.2720337444155944,-0.10723111794254883,1.2992822645256574,-0.11948603894131075,0
1.022273933760464,0.8573523588195527,0.6647293056421153,-0.2098284373161298,0.07201421148229001,-0.03266108393408312,-0.13544956825883886,-0.15523886344725885,-0.008637743242450426,-0.36427942754125836,-0.10505301061636634,-0.20100561058139987,0.09586968980381154,0.6249757493727117,-0.30783093925272764,-0.36587036213871993,-0.6353822118490999,-0.0058534423230968075,0.3177689145250612,-0.5810023265681129,-0.09807010599134657,-0.2483477837804902,1.252933448159192,-0.47097438214632376,0.3941249888051817,-0.3815665679307349,-0.4135769871927749,0.7267631902428858,0.8232430184413069,0.4073487948051574,2.179449471770337,-0.2783199717203822,0.08643157509939571,0.2790081911033317,-0.39237360178406605,-0.17350206189053527,-0.2972563869703223,-0.481447091759445,0.10884025860368603,-0.5262030448307442,-0.1050552460470981,0.49972414959221123,-0.10106148036379838,1.3773743419848525,-0.08757332235281866,0
-0.6256868876895157,-1.0676074213009816,-0.7686037859560123,-0.29211900219735126,1.0876314287147189,0.45055975814339544,0.5754951079475287,0.5831449504269369,0.4218242444052784,0.3480824532362411,-0.8902037991838712,-0.21899365838832863,2.7028962477288054,0.23970419364148232,-0.09972143995852949,-0.9559462985312405,-0.8155946279918604,0.7443994239941304,1.3705491269949457,0.8961735650772843,-0.5805309947348322,-0.27222502051520836,-0.9420552344959512,-0.8542227692732314,-0.7113645533346625,-0.5904108756407869,-0.7474591980550269,-1.367301428526935,-0.4528737529030631,1.384721469405173,-0.4588314677411235,-0.3166647337106714,-0.14606671241033756,-0.16908589828131382,0.08748615141257711,0.006224890575030412,0.08141009865786077,-0.2702367611184965,-0.028243359176090277,-0.30418108109601516,-0.10888470560635363,-0.1542950746930757,-0.1081803991510799,-0.235218125441427,-0.11948603894131075,1
-0.6350681722318239,-1.6967835253616523,-0.9290905089593755,-0.28958033366663294,1.0870086283533757,0.5430615569440908,0.579889632946004,0.5943825908620278,0.390857998363048,0.4166227608122457,-0.38842460422514397,-0.252998827424093,2.7491308747313243,0.18809805870659366,-0.20380798506304104,-1.034197964789921,-0.8426378635190875,0.7853502296778735,1.3990389644290926,1.0750585133000645,-0.36568822388663413,-0.2732260009961047,-0.946446384516679,-0.8546468621116456,-0.8295247019737308,-0.9210617328525311,-1.9929600091151904,-1.6175235190923902,-0.4784663296933342,1.3884633705107625,-0.4588314677411235,-0.05091135607675671,-0.9647325939569287,1.9602484805153801,0.3435360832502875,-0.8833044551117067,0.09634084697213616,-1.0513233364175487,2.719421317142206,-2.0294123835023887,0.04430824750938861,-1.9588993799057464,0.04090355346344199,-1.0167635472251864,-0.1781972314698534,1
-0.6393353216698958,1.4604160669754445,0.6009119809329645,-0.2897520962857959,1.1155310835052454,0.38533895507214116,0.6273997426655974,0.6063928606784371,0.607743630836656,0.4968484825189719,0.07017321188928854,-0.21249403363758324,2.7712322252090438,0.3905747084627166,0.0077193351055639715,-0.9063187624545832,-0.8014362195138122,0.6284884536643034,1.280952462439738,0.9946803932284376,-0.1737016613532986,-0.26345474185196777,-0.9494741403267074,-0.854836556250968,0.3084455650333662,2.2992807020729167,4.440936738611178,-0.4004819528699646,-0.40461212478580033,1.427990657935231,-0.4588314677411235,0.012829711962822085,1.2335423846868143,1.852450957642339,-0.3964617753905844,-0.6934085162405801,-0.25011045601199544,0.5522288703587901,-6.587581445501605,1.0834099192576214,-0.22469031237514772,-1.4436160947440397,-0.232682664206663,-1.0188463761067645,-0.16749887996390642,1
-0.5646152878584959,-0.3822287478683486,-0.04748844660371433,-0.29704098445051996,1.1169991073526842,0.4319544463772766,0.6422839978162689,0.6186134056524316,0.6330725142537937,0.5213242443673819,-0.26882464161187164,-0.20357110518313323,2.798567575843124,0.44606784755091605,-0.05575343769856841,-0.9529591531329915,-0.8055163637854476,0.6242256398602675,1.277376177789079,1.0139149750963292,-0.3148005996299724,-0.2676058468151937,-0.9176803591346563,-0.851860280167099,-0.1773348880394351,0.1258737314812199,-0.0310948117789932,-1.1062922194771625,-0.3861995935000713,1.440038331775481,-0.4588314677411235,0.02567410015280351,-0.6637701243302604,1.7960252533126737,0.1680755154346638,-0.665578292527595,0.029717204341826106,0.49840297463222366,-0.7323583371204507,0.8431911035492742,-0.13355410803659556,-1.435778967585946,-0.13386238332159628,-1.0103793454578545,0.3668591197097681,1
-0.6966262323796814,-0.901222025424377,-0.5666763770870936,-0.44129637094266505,-0.3768067739189772,-0.38554826908085105,-0.4102565234880988,-0.34539204982639704,-0.6550319246039026,-0.2489406801239639,-0.37393886608952454,-0.5298990275521104,-0.19129430302432615,-0.5273979642987234,0.347983711105781,-0.5138535957165795,-0.9454760961187711,-0.10373228283229825,0.009143747439716047,0.4673593521122992,-1.2556706938934938,-0.26902163828049974,-0.9714270758512351,-0.8568584973974447,-0.6324860938970529,6.887747225302242,6.368941033129497,-1.1509334251557775,-0.2858397990548893,-0.7564850051764574,-0.4588314677411235,-0.3166647337106714,-0.14606671241033756,-0.16908589828131382,0.08748615141257711,0.006224890575030412,0.08141009865786077,-0.2702367611184965,-0.028243359176090277,-0.30418108109601516,-0.10888470560635363,-0.1542950746930757,-0.1081803991510799,-0.235218125441427,-0.11948603894131075,0
-0.6786163591520297,-0.8875372362032635,-0.5624823941425503,-0.4413549855707265,-0.37385109679106393,-0.3854690261926845,-0.4101684589404562,-0.34574281763759757,-0.652750250886845,-0.250749331653009,-0.23820630652632477,-0.5233044861580173,-0.17275358706025715,-0.5668525145834538,0.3736045351741359,-0.591707142596655,-0.9049777635496801,-0.10803922716301177,-0.006490065017749049,0.443574881244016,-0.38244400679154084,-0.2687908623273577,-0.8906048541707032,-0.8494234770635516,-0.6293945322142459,-0.16639603620521587,-0.1799475285054627,-1.0972451418739484,-0.467090461288519,-0.7557452380728518,-0.4588314677411235,0.56365257252557,-0.16743252919212284,-0.10445559997924139,0.12925477203690755,-1.541544206578647,0.07009136392979894,5.430684492663793,-0.8889019105328075,5.145335954357405,-0.13484637602050698,-1.4374629518818811,-0.10108696372837418,-1.0009311690132907,9.42314693646451,0
-0.6840181175836094,-0.7389710700166553,-0.4442289191865926,-0.4414136086499647,-0.3506240685687516,-0.36230867967263525,-0.39626111723715696,-0.33220202137949834,-0.6397780051485206,-0.25714621188975645,-0.31771936480134916,-0.5044265762782294,-0.13578252104354963,-0.5477284114684157,0.12236769589609313,-0.7097819982484213,-0.8324352888530924,-0.05329293723894698,0.17851345372265065,0.3482412348953389,-0.7942340125770875,-0.2627147218150871,-0.9214900090281206,-0.8522332683317776,-0.5414628009503607,1.0548345253304097,1.303861667377126,-0.6022232711372221,-0.43378676675371397,-0.6456958708696436,-0.4588314677411235,0.468360564650627,-1.4357630728350417,-0.06288711081526352,0.9192811116669876,-1.5258002991004407,1.0468031278361205,4.2203683054309495,3.3851617278607353,4.1861570763422185,-0.003770411305543519,-1.1911937725564679,-0.043330013004740084,-0.9971326471643094,-0.26928176006346827,0
-0.693502231052982,-0.8537782181694785,-0.43932718060651227,-0.4414136086499647,-0.356445008772733,-0.35936212286941427,-0.3993418949047102,-0.33647578034577297,-0.636231196629044,-0.28464171078496,-0.2938815152204404,-0.518276283110131,-0.17095817548161388,-0.5396595890258845,0.04087772468458442,-0.6352634555668178,-0.8974404833367716,-0.07874093436885529,0.09609062031025098,0.10248480374958029,-0.6874945314989346,-0.2595148816107443,-0.9589438335892911,-0.8555933514795584,-0.5378167707528956,4.990258371306522,2.2570103890657833,-0.9957485677757633,-0.3891171408806723,-0.6689829976167694,-0.4588314677411235,0.39628770794714446,-0.7293289551936252,-0.05718812175893591,-0.1076408314950986,-1.467154658209166,0.1890516359420513,5.1644628623957844,2.2373724106123665,4.089493280229158,-0.09700790920653256,-1.2073379674117788,-0.1272704285253207,-1.0064345589499128,-0.40088365641514384,0
2.135477074391819,-0.01332356122810039,0.013870578932185905,-0.10170856520032967,-0.05566135881530254,0.05572816731141947,-0.1204837875938857,-0.09672395227599805,-0.21610484734102084,-0.35359739612218527,-0.004579393510457186,0.2505228963255265,-0.13419287417211764,-0.48035588957731284,-0.62093329428654,-0.6738336001466257,-0.3290346830314567,0.24571596919627658,0.8417659701104997,-0.5401904460606303,0.00047555481863765294,0.04319585179790308,2.5581081600568063,0.18872265797738172,-0.038308416903211115,-0.4470355109409567,-0.5000011164498352,-0.3010584714522114,-0.6473636300373086,0.44293813657712633,-0.4588314677411235,-0.3166647337106714,-0.14606671241033756,-0.16908589828131382,0.08748615141257711,0.006224890575030412,0.08141009865786077,-0.2702367611184965,-0.028243359176090277,-0.30418108109601516,-0.10888470560635363,-0.1542950746930757,-0.1081803991510799,-0.235218125441427,-0.11948603894131075,0
2.3979801521374537,-0.4825363595526218,-0.3166276965045593,-0.19208229381392786,-0.021670748845423988,0.0865331027199215,-0.10059601928726583,-0.07737786793887569,-0.19746601887035486,-0.35090383519708956,-0.3053346476359617,0.38458883076367617,-0.13785488475909427,-0.44219293488605155,-0.6159993819430072,-0.641424414816158,-0.263534852440993,0.27079659626266483,0.880303082089892,-0.5311270853703162,-0.39884461396068926,-0.15311508714111066,2.70314455070503,0.2974757795051054,-0.3273475565442044,-0.46563571577765395,-0.5215725128685978,-0.8376551291837836,-0.611545475497413,0.4882307881674799,-0.4588314677411235,-0.6104919633491602,-0.22619594358924022,0.7589798458370799,0.35153172741014843,-0.36210325902740925,-0.0039017214239530688,-0.5798647773427837,-0.48844555406396256,-0.6483266558328773,-0.1244753052798629,-0.6521262362776717,-0.1266039054717284,3.2597360637424404,-0.10955198943079275,0
2.331791689077163,-0.49584376342913733,-0.2927683106128995,0.02674586547147918,-0.06662172180119141,0.030935066426699565,-0.12689365510828254,-0.11137788876165851,-0.1796915429973037,-0.34957753922422397,0.2922398902026881,0.2436349361554918,-0.1964899153106296,-0.40808936643510807,-0.6044194614007028,-0.5960633074845688,-0.3026043567898921,0.18278160502309232,0.7362605348933055,-0.5274093598920201,0.43484661546248005,-0.15501425333636806,2.864273564095274,0.49739861380089795,-0.2049811721295246,-0.4585401899627854,-0.5217093640126653,-0.8204518534035329,-0.5502462750304538,0.4278605139496671,-0.4588314677411235,-0.6048778411986551,-0.14606671241033756,0.6993259148234131,-0.3737879161338506,0.0400234726810952,-1.169616997312056,-0.5810219406810582,0.3108347637056964,-0.6541774730775799,-0.11056019502369001,-0.7706182844076398,-0.10967667232534943,3.3529040385738345,-0.10847319169466367,0
2.955618598843074,-1.3762675929426436,-0.7973691391998144,-0.12608752174201285,0.09611664827767025,0.21224171253818896,-0.03393747666005605,-5.338245523136506e-05,-0.19788656220214046,-0.3485216327759477,0.7171908488155916,0.19705176328788165,0.14168874342710214,-0.4570505662259923,-0.6200358991723408,-0.7903940813742205,-0.5097848228551514,0.4384243269386817,1.0972590965344056,-0.5222124031031352,0.6751844968407235,-0.33519637383723194,2.772488044691536,-0.0961404650917513,-0.6533831858904028,-0.48320253214474945,-0.5537182913724095,-1.7066904705729438,-0.6623309468282528,0.6258024463422981,-0.4588314677411235,-0.6067518521682961,-0.4724074992392845,0.8210407686466321,2.0386239611545305,0.3554104259901151,0.28186422060735733,-0.5913093111593135,-0.9081528388568428,-0.6699624059364838,-0.15688541923113636,-1.1435270855460389,-0.16427501274381265,3.3720380801649634,-0.13497531600466697,0
-0.41672410526012627,-0.6582022757130037,-0.4009256415773924,-0.43040314280691044,-0.41853788693546773,-0.4066403659759465,-0.4427754247499331,-0.3836789994415914,-0.6519810895995414,-0.36427942754125836,-0.2122082261828006,-0.5065705515689112,-0.19974855786882006,-0.4594255305241176,0.508430442910632,-1.1031841354744678,-0.7296496693907343,-0.3068543950370941,-1.0354930735087056,-0.5810023265681129,-0.10085764654009649,-0.2483477837804902,0.8054035258290626,-0.7302839714574086,-0.5039888131429799,-0.3884293400842315,-0.41722171771102223,0.2687335197158664,0.39493960004220413,-1.0796402048016092,2.179449471770337,-0.3166647337106714,-0.14606671241033756,-0.16908589828131382,0.08748615141257711,0.006224890575030412,0.08141009865786077,-0.2702367611184965,-0.028243359176090277,-0.30418108109601516,-0.10888470560635363,-0.1542950746930757,-0.1081803991510799,-0.235218125441427,-0.11948603894131075,0
-0.39625458261792834,-0.6198605942305818,-0.378450900501466,-0.4307086554893753,-0.4189378251406353,-0.4077478612842005,-0.44324932518676835,-0.38434874209800757,-0.6513733627434929,-0.36427942754125836,-0.0418534029272111,-0.48926388173469615,-0.2265596283661927,-0.45803174298647403,0.5461982424083439,-0.8142839355949172,-0.5637932780657564,-0.31061540775025315,-1.0632916373620167,-0.5810023265681129,2.585510806414044,-0.2483477837804902,0.9467906593736651,-0.7072480429675118,-0.48741762615657847,-0.3857811264636667,-0.41022496156630667,0.4927440954296716,0.41166313574951546,-1.0852816337984088,2.179449471770337,0.763312227538085,-0.12730591102127717,-0.5854413830135946,0.06639551257897718,2.3806806991201936,2.5696109265403564,-0.47084948034228175,-0.013016265891547566,-0.49234640751245484,-0.10888470560635363,0.6929274370009578,-0.10651220164310833,1.1608545179915486,-0.09453533811518951,0
-0.341200060548111,-0.1480861489787259,-0.032636163255400294,-0.43099550629446437,-0.3952618209944105,-0.391812053037123,-0.42893648248156396,-0.3745986603372938,-0.616932485268545,-0.36427942754125836,-0.39529018484314504,-0.49381551550272496,-0.15449468911836892,-0.38303474912957475,0.3214996104512066,-1.0839122411728506,-0.699174425788725,-0.27830114532765354,-0.8379389632813854,-0.5810023265681129,-2.265575911128784,-0.2483477837804902,0.9472302643268934,-0.7177619218156754,-0.2303295074187338,-0.28120549676581824,-0.27096435080954684,2.4442534384787673,0.6271319754383134,-0.9283120992445701,2.179449471770337,0.6810541519166651,-1.2136456324308753,-0.5613870479700984,1.2432298441694236,0.1558351612722868,-0.061927375404117455,-0.4152636175391069,0.9117949051609756,-0.41587554648457853,-0.08253570825700943,1.6667023957569735,-0.07838060731645206,1.189219220439604,-0.1255290210435671,0
-0.05908775075132148,0.01475592477524738,0.10012890702619634,-0.4321911083211087,-0.3988781835782772,-0.4057381830852306,-0.4311013696194414,-0.38310773152355254,-0.5866966844729892,-0.36427942754125836,0.13255585498106515,-0.46465397903777367,-0.20591345985324727,-0.3136906319162419,0.738024033588268,-0.5110233025038047,-0.36317854438779473,-0.32871932018048117,-1.2035305547643858,-0.5810023265681129,5.0831132615157735,-0.2483477837804902,2.5519481711758707,-0.5623382924826611,-0.13214728149029292,-0.3452124164565194,-0.3589748006105043,3.3226925399486076,1.0541206710165665,-0.9504298509854683,2.179449471770337,0.7647795054642357,1.6833392401177618,-0.5792471461105465,-1.1544356736992873,2.5390265855372163,-0.41217621489983053,-0.4126681982397425,-0.3188238513860202,-0.41299814279751496,-0.11882828284522895,2.46449220179836,-0.10374004713393042,1.6833184462738466,0.20113709907262461,0
-0.6043344603404206,-0.4611709115070673,-0.294236885073125,-0.23823828249892745,-0.4490462253185258,-0.41561497621882293,-0.35145173194353224,-0.33922284757507487,-0.34276596452718333,-0.15520226534842943,-0.15174219980023024,-0.18457604775667547,-0.46506258227805564,0.13386768684592357,0.4159707786797482,1.4292443832189947,2.954773286362914,-0.2593083551994629,-0.7184430207052143,0.3782590400112624,0.1342252489329738,-0.26290320215104607,-0.701277586314027,-0.3924355720039311,-0.3327593789198958,0.10905725441139671,0.0839482949266401,-0.07499056205247775,1.497283295864372,-0.359676218893233,-0.4588314677411235,-0.3166647337106714,-0.14606671241033756,-0.16908589828131382,0.08748615141257711,0.006224890575030412,0.08141009865786077,-0.2702367611184965,-0.028243359176090277,-0.30418108109601516,-0.10888470560635363,-0.1542950746930757,-0.1081803991510799,-0.235218125441427,-0.11948603894131075,0
-0.6029037891321612,-0.40492080076213094,-0.25299122501199833,-0.22744006692099986,-0.44546255600721685,-0.41446095860461646,-0.3457039819183144,-0.3361729883186623,-0.32457365364111695,-0.14505720357108223,-0.16486863119470832,-0.2879802458136733,-0.46399130369108277,0.17543020666557219,0.4247441372361027,1.4442428477764913,1.7046978487278597,-0.2567999807085465,-0.7033050439710296,0.3965999805641727,0.04260624062514654,-0.2622659828026617,-0.7061430314137261,-0.40368761214331705,-0.29691737056429973,0.1630108952165227,0.14609458959805469,0.024578242469793274,1.5406415365834711,-0.32858548754387507,-0.4588314677411235,0.6350696948153678,-0.24746023157465658,-0.46526975453336283,0.2463019121195452,0.18511792688179843,0.1893861202023939,0.35292451849357986,0.04322503742596733,0.3573423385538126,-0.1077881820885081,0.11822972766805934,-0.10834662850651869,-0.7290134204451533,-0.1325815580139897,0
-0.5908595989749432,-0.4409502837601772,-0.27198381532559013,-0.24290740427998941,-0.4346897144676436,-0.4068725836374473,-0.33738708616830715,-0.32990037228350444,-0.3076196096514526,-0.13785711550911725,-0.11679204329065872,-0.3105158885711681,-0.45904444418122636,0.21374124809319298,0.29549204190514955,1.1873206854106018,1.050276813435214,-0.24594369173332595,-0.6394154608378775,0.40299265069735796,0.26702157659845516,-0.26299606466571385,-0.6855648724718425,-0.4238788503255763,-0.3184392672314936,0.05635665941833172,0.02789670468478329,-0.12173844488700115,1.5380747063497324,-0.28535063953003004,-0.4588314677411235,0.5851646723421706,-0.8593381179633339,-0.4556978353815972,0.44292689189886475,0.2983965567664812,0.3387429162210858,0.31110252698793617,-0.1844086439216189,0.3106727469993423,-0.11481569280613145,0.07267602985086595,-0.11402651667504488,-0.7217778383451999,-0.09563541620162291,0
-0.6059169299414883,-0.33051175599832844,-0.2109411657609301,-0.23351511480611684,-0.4337267571484801,-0.4018223963613849,-0.3343242489607824,-0.3271196426565355,-0.30374796605984034,-0.13948153451610715,-0.12557022632128004,-0.24089705391585228,-0.46181916086475205,0.2237963652348187,0.15461612745287484,0.960904204618448,1.415044384262594,-0.24016449783344762,-0.6064453929340069,0.3902842407378867,0.20416052062644327,-0.26147606165658926,-0.7305075035065105,-0.4503189696465045,-0.26854394233395923,0.23578126790303514,0.26650350834970354,0.11718577522951865,1.5261329837817565,-0.2699186830774265,-0.4588314677411235,0.5179842014015331,-0.9642717410244662,-0.44748604169126666,0.3156354584915848,0.3251342124751488,0.20666266814327325,0.36082535903962215,0.2577567325958616,0.38319776996112326,-0.09950112103663254,0.13446064434498842,-0.10475322395186268,-0.7316008688445198,-0.1864417438797843,0
-0.6817250151907039,-0.9317547114144155,-0.6028565527076906,-0.4359465810866884,-0.48987228149221973,-0.4085610799249298,-0.46997048173634237,-0.38353020502093743,-0.811518477467444,-0.3641676042315648,-0.12859971603457526,-0.5305144633749717,-0.4325412944543649,-0.6330181191594815,-0.4330578395244795,-0.603699151373348,-0.9452806751427144,-0.16316408800657928,-0.22574821541857198,-0.579002865002282,1.175356738272023,0.051146070465911346,-0.8233358071967145,-0.8221744203875678,-0.6568400999717117,-0.39438448332059284,-0.44838729280499945,-1.2172130486536235,-0.6557255436437192,-1.4754332467717501,-0.4588314677411235,-0.3166647337106714,-0.14606671241033756,-0.16908589828131382,0.08748615141257711,0.006224890575030412,0.08141009865786077,-0.2702367611184965,-0.028243359176090277,-0.30418108109601516,-0.10888470560635363,-0.1542950746930757,-0.1081803991510799,-0.235218125441427,-0.11948603894131075,1
-0.6749643999633974,-0.9339651102368428,-0.5983971235957877,-0.4360297779553332,-0.490656904537718,-0.40543761835377595,-0.46854625254934873,-0.38195850690836874,-0.8111222353947499,-0.364193030235687,-0.263001975897888,-0.5303099636541719,-0.4298053580013313,-0.6321093601383614,-0.49622930147792094,-0.7169730733543328,-0.9442550756332887,-0.1476158157415635,-0.16005829293076773,-0.5794612698564443,-0.846740659193906,0.4238556559024073,-0.7637004923537749,-0.8092652359795346,-0.6535628455753628,-0.39708833130205307,-0.4877441775712083,-1.2381598752305485,-0.6527107591781554,-1.4499833699896714,-0.4588314677411235,-0.4260566989505663,-0.8736138426405162,-0.22183748361608202,0.434277817044398,0.3295192896196674,-0.00903790986600082,-0.4844407678664472,-0.0646436429290365,-0.5796742138817758,-0.12152180190446844,-1.5841258395192468,-0.11701027133850789,-0.8364473766357639,0.028529425481530903,1
-0.6684854962156482,-0.9434817786158143,-0.608632280993207,-0.4360034763812523,-0.4854550864021371,-0.40404739175726245,-0.4678177747772747,-0.38111538063283956,-0.8111171856897754,-0.3642295325358077,-0.2229176875203322,-0.5307698785076548,-0.41577286812267183,-0.6320977789225699,-0.4499544812090647,-0.743695035836317,-0.9485442752251717,-0.13890752991093858,-0.12465040458226384,-0.5801123840095315,-0.26801021290578486,-0.17222765313367272,-0.7063406296289667,-0.8068579087557517,-0.6611634255608988,-0.46018117809501285,-0.5389681906429218,-1.3167485558062513,-0.6555315002683214,-1.437228689476937,-0.4588314677411235,-0.4201859033819599,0.18128858285924285,-0.20881005120289564,0.31802825041901667,0.055326566950830776,0.04589088043358578,-0.5182672749502415,-0.6853513865591354,-0.6176541117648482,-0.1359352135894626,-1.6261543453899439,-0.1404083122832626,-0.8016849112609624,-0.019249276960860647,1
-0.6718951370141819,-0.9030409453477496,-0.6026130054305515,-0.43600403846091185,-0.48038356325009696,-0.40203085430359137,-0.4664645494243036,-0.37987823061901155,-0.80944977425392,-0.36422858623647275,-0.24348340667150697,-0.5291663095658155,-0.4127499737819908,-0.6282736640981392,-0.4181011880878632,-0.677017933114597,-0.9357442124428689,-0.12942170484053028,-0.0871533400464815,-0.5801047329067953,-0.5468034399479771,0.4633654429263861,-0.7438351684510685,-0.8145041130157723,-0.6566864133954902,-0.427872130834566,-0.34800981409189297,-0.9954671421447572,-0.6253730513190987,-1.41398712563618,-0.4588314677411235,-0.4077023895581422,0.016007808300973807,-0.1966732561218296,0.3257915638438678,-0.21438576690850888,-1.433154954849232,-0.5224614722824289,1.1819944785827488,-0.5599269047757232,9.533847823531895,-1.5334587932244914,9.53291944591392,-0.7955170275426576,-0.18028970409465286,1
-0.4455235049879898,-0.12678953078609284,-0.013297486872435857,-0.3389459354555559,-0.3431818335710242,-0.3658428818022394,-0.369011634905317,-0.3563044035219099,-0.3592234548555292,-0.36020836708744486,0.00790765819232695,-0.05943498461874732,-0.4560508761612651,-0.20664088401418332,0.23078636874916064,1.2024362678623515,1.2818782153075408,-0.3008204357749249,-0.9917989954484702,-0.561823427981855,1.4996159857498594,0.517523768377338,-0.1492818372156831,0.08080503857900873,-0.17193710656875047,-0.15885033746604357,-0.14956729911568428,1.028452590831044,0.6299748059342799,-0.4616102322817414,-0.4588314677411235,-0.3166647337106714,-0.14606671241033756,-0.16908589828131382,0.08748615141257711,0.006224890575030412,0.08141009865786077,-0.2702367611184965,-0.028243359176090277,-0.30418108109601516,-0.10888470560635363,-0.1542950746930757,-0.1081803991510799,-0.235218125441427,-0.11948603894131075,0
-0.4591348217407644,-0.026833617166279595,-0.01455521101082514,-0.31737609162223407,-0.3802908312744886,-0.3984566000323528,-0.3775729186110947,-0.3748996173128721,-0.3155122845102257,-0.36021684167436147,-0.10851186569249345,-0.3203452026838116,-0.4543537207817473,-0.12575123231098073,0.6862084697936529,1.9968947478705952,0.6582740100826799,-0.35820989814408777,-1.4575190297398082,-0.5631351427865072,1.0604437445041404,0.5175018613953504,-0.14749559487653838,-0.010465921659996822,-0.1625603397925735,-0.1337594174462512,-0.07684864787902664,1.4720431781677743,1.0058610027823331,-0.5156447287865181,-0.4588314677411235,0.6807999463128279,2.0024412771621622,-0.6347145127379404,-1.5686080258786892,2.4524192831009737,0.183936590989554,-0.09166736008035825,0.03096247841772981,-0.009420554869131764,-0.10554594458853458,1.9238944766925579,-0.10507458005250654,-0.0647017626984428,-0.12477168514991153,0
-0.44433108371089225,-0.21272930993904027,-0.07905537332064491,-0.34566376867070103,-0.3669546892148786,-0.37432000179748215,-0.3717677210742506,-0.36016653704315876,-0.3558549575200733,-0.36022551005863124,-0.1699242668591348,-0.2399903281056551,-0.44832531617876276,-0.22072419386652492,0.19979108111849175,1.0704506008527321,0.5774486358915626,-0.31212976382088736,-1.0746097887317367,-0.5620083772949197,0.1598891207333031,0.4335251570001973,-0.13012240404786782,-0.08351882967266742,-0.22406111074805418,-0.19454695633210947,-0.19223538516300026,0.8202055438724597,0.6095451084299385,-0.47866718308045003,-0.4588314677411235,0.5774026564337563,-2.1456874921834963,-0.6209733790094778,2.4665335230567558,1.741983305113229,0.11231615021099026,-0.1169892132422242,-0.19221820774903167,-0.05175269986709135,-0.1168046089700801,1.7209569950603156,-0.11777009446367342,-0.05741798085538535,-0.11739959298734154,0
-0.4583723041130533,-0.1302067724878965,-0.020083026282816763,-0.34768970629873625,-0.36657832469717194,-0.399841239059621,-0.3796902064321523,-0.375737971186782,-0.3236504236779264,-0.36023630914051114,-0.12935209387787808,-0.26308704443960373,-0.44756725357224386,-0.15024003992741303,0.8997549070852524,2.361781560907203,1.1504771049359241,-0.35921153815632345,-1.4667651518231728,-0.562998016296204,0.8438267757397333,0.5139374681997423,-0.13246987219559292,-0.13906910880130338,-0.18116464817427083,-0.14778701977445172,-0.13032354898199044,1.1943902269776014,0.9457076822283135,-0.5295032855168555,-0.4588314677411235,0.7355201773883772,3.3086042499285955,-0.6420123011642017,-1.370654670292806,1.7120998238022322,0.4817019263077178,-0.11124222278849398,0.1060878511822915,-0.04804581273979962,-0.10575786665190849,1.7519218952154716,-0.10549647216352122,-0.054478138295063885,-0.1267062588507062,0
-0.4444354587676821,-0.8426712312079813,-0.5425630143276815,-0.35939907327090304,-0.38370221760365103,-0.3161627721397806,-0.3713918741417649,-0.29500316247365727,-0.6820112181259357,-0.2185285643027855,-0.23503063658104723,-0.27351298186822376,-0.41521719097457693,-0.5901630054987119,-0.4831614361798187,-0.325512256270703,-0.18125118746422986,0.21852915400905432,0.7978144217879524,0.8664841280849848,-0.3334642631098273,-0.26854846958765977,-0.13258266056022025,-0.41962935061974,-0.575395851297874,-0.4248109485215746,-0.49150560553096595,-1.0232375409877732,-0.6501280864040576,-0.47632274665966035,-0.4588314677411235,-0.3166647337106714,-0.14606671241033756,-0.16908589828131382,0.08748615141257711,0.006224890575030412,0.08141009865786077,-0.2702367611184965,-0.028243359176090277,-0.30418108109601516,-0.10888470560635363,-0.1542950746930757,-0.1081803991510799,-0.235218125441427,-0.11948603894131075,0
-0.4985465288820231,-0.81420455302619,-0.5388395101089932,-0.3665032563339299,-0.3778951069377755,-0.3122963535059218,-0.3644540408958152,-0.2913669129112555,-0.6598249533346872,-0.21219771289847664,-0.2731372411003233,-0.2629799329180305,-0.42514825957707497,-0.5806214537979766,-0.477779224557646,-0.2733486400496079,-0.17199469360895212,0.1905971829939364,0.7501039778482956,0.8224662833143793,-0.4671445412042775,-0.26851965425998064,-0.34196976979899907,-0.46173395198076256,-0.5760226474311719,-0.4092948535056265,-0.46123598903801377,-0.9568397576535177,-0.6287932152342524,-0.43406865564412794,-0.4588314677411235,-0.4450331657378129,-0.23310667260592405,0.6316654102117171,-0.0053807968315369775,-0.7447769384428382,0.8476995483446562,-0.5180073016497084,0.19645942100334127,-0.5930203839816668,-0.09406658902648199,-1.247687000461009,-0.10398188960009148,-0.17103474644343378,-0.22292192994941548,0
-0.4481396837532509,-0.8334963347580796,-0.5779780636332662,-0.36713373969627183,-0.3657604324266348,-0.29310633846477646,-0.35658871456751956,-0.28509412852783994,-0.6455083999540411,-0.23675863334059374,-0.2988897946027106,-0.3101104035233687,-0.4270935507444274,-0.5733175086941438,-0.519794762435221,-0.32596948373312695,-0.3878883623143957,0.1946676208683466,0.7572262153254904,0.5444128168547139,-0.5452411451199023,-0.26968998155006346,-0.21933883689066652,-0.34649468539618067,-0.6054362648549058,-0.44392645829123106,-0.48636689202311606,-1.0252804602507777,-0.6176479019192985,-0.38836496248369623,-0.4588314677411235,-0.46074998091419744,-0.7006944739715498,0.6238441338076388,0.2153464187043162,-0.8367013481641405,0.3040409540893915,-0.5321130012210471,-0.4514936958148402,-0.5983749327764468,-0.11865836020447328,-1.2643176521031103,-0.11644813370128866,-0.1638821285364569,-0.0497738491747708,0
-0.39271993201569644,-0.7836297735227934,-0.5187098030945935,-0.3602373897002609,-0.3456413857562182,-0.2804213815466728,-0.343835249800341,-0.2713733365756641,-0.640180436523086,-0.2096420643744042,-0.21531529539013636,-0.2699982737333977,-0.4004839723886485,-0.5623868060499396,-0.4988701255662344,-0.34270637064858084,-0.33466737817922715,0.2534149768772731,0.8537939533320792,0.7618992185946121,-0.2674871669171317,-0.26786016753012815,-0.11759011126548653,-0.415506253901317,-0.5580540525823362,-0.4253736904342817,-0.4763507706505197,-0.9233029042669717,-0.6042930242686878,-0.3186955957717676,-0.4588314677411235,-0.4623361685422873,-0.06783025947226905,0.6547581960457812,0.6040639085358127,-0.7505419289350798,0.03470322095615615,-0.5318622095431963,0.37673193446189396,-0.5970282499165517,-0.10549216071243385,-1.2365404823035084,-0.100280977896211,-0.12987621560759258,-0.07290496922751143,0
-0.5865862755777526,-0.31166654980726305,-0.15361877928929007,-0.42883844936001914,0.1740701058664737,0.10014666228820907,-0.09871731681940368,-0.07363430342402505,-0.20535996502696974,-0.36427942754125836,-0.5813490446239519,-0.33207973075658925,-0.4105235987381461,-0.19072735223573525,-0.41212131212646824,-0.3895128644602222,-0.8094230544556787,0.2863915472847147,0.9033544688420193,-0.5810023265681129,-0.744493426805047,-0.2483477837804902,-0.8436985840393361,-0.39806159207362407,-0.3192880021074947,0.03425123815871567,0.14631072615312066,-0.6626574549439516,-0.3089679152886322,0.4923982166597746,-0.4588314677411235,-0.3166647337106714,-0.14606671241033756,-0.16908589828131382,0.08748615141257711,0.006224890575030412,0.08141009865786077,-0.2702367611184965,-0.028243359176090277,-0.30418108109601516,-0.10888470560635363,-0.1542950746930757,-0.1081803991510799,-0.235218125441427,-0.11948603894131075,0
-0.5427780057132882,0.020106990112170233,0.089207087019876,-0.4283595168133221,0.24465910191155235,0.15306076912718702,-0.05858548986995698,-0.041249208434811335,-0.13422136426841413,-0.36427942754125836,-1.2189461168544267,-0.5132451724318062,-0.4105235987381461,-0.22914700386565554,-0.4104083633228877,-0.3895128644602222,-0.9442880223288693,0.2886016400437136,0.9065670398576837,-0.5810023265681129,-1.4362705698048925,-0.2483477837804902,-0.8077249254035699,-0.39806159207362407,-0.1384393525627135,0.08148833459785933,0.20997607337583138,-0.4053096258702133,-0.3999085307345808,0.5772573731817586,-0.4588314677411235,-0.3620549855135039,-0.2710454380564989,0.8283130133706434,0.1999753112483681,-2.057797523651907,0.48975979286008675,0.22984122604102097,0.04338288834988491,0.45877883259617447,-0.10796509701962984,-0.6020481885697759,-0.0989546027148227,-0.8749594520660389,-0.018182896251778817,0
-0.5640563678100434,-0.4082666568404128,-0.22933543772295226,-0.42860511727151956,0.17224379886670826,0.08802800493363999,-0.0892159548647592,-0.0810625411641804,-0.11245297958131657,-0.36427942754125836,1.0197342975958972,-0.26689101092974166,-0.4105235987381461,-0.17821752505339997,-0.39618232944517345,-0.3895128644602222,-0.7569368512922978,0.19233694880775296,0.7531553963348618,-0.5810023265681129,1.3022627034625749,-0.2483477837804902,-0.8205122990689763,-0.39806159207362407,-0.3754963072164679,-0.12322497996781362,-0.05670751972561674,-0.7749903038202375,-0.3065011956081973,0.5131950083426332,-0.4588314677411235,-0.3560269519840058,-0.15806548701677348,0.753100411448229,-0.4115323242387248,-0.5402910074529168,-0.18499525386711066,0.13478613744111204,-0.35987284134029796,0.33297763314881024,-0.11955324905950325,-0.715779561048354,-0.12292092079685682,-0.8728861435252159,-0.15558241695802094,0
-0.5797354456639989,-0.10920908670242167,-0.0020432072918698534,-0.42888176979148795,0.16363466948124222,0.013333194419885043,-0.09352065539581149,-0.12655208802509357,0.09162916565689302,-0.36427942754125836,-0.33134918905243127,-0.46499707933072726,-0.4105235987381461,-0.09931262202086243,-0.27609321868942677,-0.3895128644602222,-0.8983045424867215,-0.002590193399683272,0.32672629024187777,-0.5810023265681129,-0.4552371140436184,-0.2483477837804902,-0.8372835599238729,-0.39806159207362407,-0.20656318339518298,0.1630232981061194,0.31328355587269574,-0.46328126339117653,-0.20669752356185514,0.5038299896884063,-0.4588314677411235,-0.31701587958626193,0.7792014863123811,0.5999437300749544,-1.2052724298964648,-0.6175428058022384,0.03787448788419108,0.1999455414564707,0.6684994180521735,0.41872022757191,-0.09056875030542294,-0.6623233527485126,-0.09350473771762649,-0.8768652063839036,-0.16817599814496512,0
1.0208133384709708,0.5562581572998301,-6.001680998710576,3.0776964915246077,3.7021528337214438,4.016044917048555,3.884204634400205,3.848526119576502,3.2869738186218163,3.408972805207926,8.640381607925123,4.897943526459449,2.3824791562437277,2.4887076280088323,-0.6289671437673969,-0.6614025600586786,-0.4618452206565223,1.2258877635404415,1.6320974063848839,1.9812731427452512,0.5861738347744629,-0.2787168593537758,-0.779637738790411,-0.7783218445268387,-2.9927826560306396,-0.7084157626607053,-0.43453696355004295,-1.1684982546591527,-0.5048220547198062,2.6860786564459147,-0.4588314677411235,-0.3166647337106714,-0.14606671241033756,-0.16908589828131382,0.08748615141257711,0.006224890575030412,0.08141009865786077,-0.2702367611184965,-0.028243359176090277,-0.30418108109601516,-0.10888470560635363,-0.1542950746930757,-0.1081803991510799,-0.235218125441427,-0.11948603894131075,0
0.7510945020130951,1.0322397759750115,1.229065773519622,4.892792222180977,4.195810711883576,4.413116664806866,4.480250205702258,4.522084840366944,3.373204343293416,4.579663101382806,0.5729756758131764,4.708448809271658,3.4585885930653624,2.578161076419411,-0.6142382532973965,-0.7113861817355446,-0.5180998698676034,1.4525092771657353,1.7162212884054133,2.709641060841743,-0.2281150806900349,-0.26902060592342497,-0.8298642168548739,-0.8088127857526044,3.253395650705629,-0.03503885486332615,-0.37549045389598257,-1.1445629664935535,-0.5391146998048598,2.8048515274823638,-0.4588314677411235,-0.6142524954982551,-0.10391074513415195,3.3220561900839303,0.8068620323232938,0.35752979060006773,0.0680979555281357,-0.44663425855882777,-2.703571461556328,-0.4783500984712329,-0.09583072070734096,-1.4833902520058784,-0.1059364684789079,-0.8498848131011585,-0.22636793146549217,0
5.3069257346491625,1.3420280143596421,4.002156082161035,5.280571989258807,4.742623943070533,4.670864906016703,4.621645574423782,4.741416742748395,3.0936012007879556,4.980711137229028,-1.1740166580424345,4.809512643912837,3.798114010163985,2.687263753150252,-0.5786562002133626,-0.6508478547091571,-0.5321360330165129,1.6738242825491676,1.7834018825768003,3.221160785808537,-0.37487124794835547,-0.2663775043268982,-0.39069812435911044,-0.6725457563842291,5.501479443438698,-0.31340002153367397,-0.4937167311979077,-1.1229170769636707,-0.5373550682001659,2.8309457594142904,-0.4588314677411235,-0.5970880473146953,0.143850859350144,3.5865388316806053,0.7201684548193664,0.006224890575030412,-0.1398019953517929,-0.41601876608961796,-0.5895248306034787,-0.5258651205378978,-0.12898302966254532,-1.4675279863271695,-0.1069991345327,-0.6847791992030761,1.06071082277643,0
3.164886008483615,2.720788005157275,1.3261455890013418,4.243916229560796,4.82540054492996,5.010954782831358,4.897849955282118,5.049669875069172,3.153062645521534,4.952350448878208,2.4389811053578287,3.4446917569820887,4.129518302877631,2.604063031596843,-0.6089295003128388,-0.716666056919009,-0.6603106686018372,1.7684885660396317,1.8085799427679872,3.146487612410929,-0.08978224009087447,-0.2690626518622161,-0.6182025318975943,-0.7469329063900672,3.0153858535338935,-0.32568575600720756,-0.42542048201807603,-1.0213081660246284,-0.5621128045344028,2.879911500845254,-0.4588314677411235,-0.5975803318192167,-0.6322579480294059,3.774895959876962,0.3908150095450252,-0.03381681869498417,-0.39782175469152803,-0.4055475272916697,-0.10188121461463803,-0.5221847464548979,-0.07181767989903463,-1.4236348308867928,-0.09509001112729118,-0.6702652692179679,-0.27806493920358355,0
-0.07835730325802592,0.6816868654576539,0.577727933412965,-0.13416241511661942,-0.23762346145542407,-0.2844129217243308,-0.2674634109711174,-0.3068985905930567,-0.01524968661880533,-0.36060830379701403,0.16662865342620023,-0.35027179765808475,-0.341492836516255,-0.06226907623842606,-0.08384376776937487,0.3308522881530997,-0.5151694716523543,-0.26826028123245865,-0.7736685195905363,-0.5699168836582276,1.2945014574582845,1.4702180780241711,0.24360989710123718,-0.31274180438148985,0.3655863378799019,-0.2075389113758398,-0.22383060118264098,1.4856172650589148,0.3211533958015862,0.015794831550946836,-0.4588314677411235,-0.3166647337106714,-0.14606671241033756,-0.16908589828131382,0.08748615141257711,0.006224890575030412,0.08141009865786077,-0.2702367611184965,-0.028243359176090277,-0.30418108109601516,-0.10888470560635363,-0.1542950746930757,-0.1081803991510799,-0.235218125441427,-0.11948603894131075,0
-0.06989515891961082,0.6960211174412082,0.5926343782191901,-0.12269313329709193,-0.23367662268581244,-0.30065730564412807,-0.2656465094161771,-0.3168647355886691,0.04557717543284145,-0.3607148057377305,0.0922851142844376,-0.15736957653652897,-0.3572217155079281,0.07970879849208207,0.05386603955818602,0.6155091541505326,0.05218177110075434,-0.29557472352601954,-0.9546904291497104,-0.5708810715934036,1.1284522038953895,1.5447567202309107,0.25150020755381647,-0.24063739263991119,0.3821574379949504,-0.20688370464846326,-0.2253411737806884,1.4902698094627516,0.5960047421112112,0.02246211084889754,-0.4588314677411235,0.11308445647633507,0.5981144807915949,-0.5218533034329174,-0.5001903977286118,2.3219824367027373,0.20788494897370824,-0.18757514807916628,-0.03561958656601663,-0.18840399510764283,-0.11048641338087258,2.2604010432042014,-0.11070300626522221,0.40895181847805306,-0.1230840494643109,0
-0.06692234382723186,0.9028354737819665,0.6973726409187985,-0.1222786667006205,-0.2536265090995507,-0.29025887321773136,-0.2765225693288388,-0.31098104928248615,-0.04757363608580079,-0.36276085316693596,-0.05021764521468149,-0.40137036522228847,-0.3459286185337576,-0.1298811445826825,-0.10398897465221553,0.2873881058405126,-0.6280313366315742,-0.26927490071887344,-0.780049063090441,-0.5762566783074395,0.4422381910232755,4.362586172932693,0.3119754791956195,-0.2857840497426289,0.46026241035596643,-0.18764160535310062,-0.18738544217393888,1.9847656516037886,0.22425025639664226,-0.018176245042287115,-0.4588314677411235,0.07751373835956786,-1.1905680360571191,-0.511860801176535,0.963251344024314,1.8341019556083333,0.1434306464512657,-0.17730317911141144,0.024089626204674062,-0.16847705315719672,-0.10724218317399829,2.4948519778656024,-0.10546399483921876,0.4346397808641639,-0.10631783927843733,0
-0.09967383032564035,0.6618563861340699,0.5294664232282651,-0.12488607049237531,-0.23359502962999293,-0.290811231699943,-0.26679051185007574,-0.3114521544851576,0.011624150991544705,-0.36352785833089407,-0.19789706212983738,-0.38083716444538135,-0.3340146981978913,0.00535468578210539,-0.023444959423103137,0.4151416253264963,-0.5749507918754901,-0.2810001909895577,-0.8556529591852117,-0.5787947858759337,-0.1817409388297223,7.888532122642573,0.1985479407867712,-0.3564581038113994,0.33412318695115556,-0.20641895838829388,-0.21656167144513813,1.44410142650528,0.453551243585036,0.01826963412018817,-0.4588314677411235,0.08387167904635662,0.24025717546038838,-0.513815155981804,-0.11008606626001832,1.293348194809485,0.08141009865786077,-0.1795592482154641,-0.0941353713449422,-0.1702350754774991,-0.112503020995124,2.420722386837087,-0.11566964282040622,0.4135614200084569,-0.16011760233278383,0
-0.6180612933927445,-0.13816408683078937,-0.0657713572410542,-0.24133671707591073,-0.42615937554379774,-0.3496676942692631,-0.253858033869607,-0.337867282450134,0.22023764176242722,-0.3601361664267495,-0.04559867392814508,-0.15150218741426846,-0.48510421516487096,0.7618185478135089,-0.4993786368710547,-0.12137561650390118,0.559942786957319,-0.3478324363595248,-1.364224910107872,-0.5709596416295961,0.7394835280686755,0.4355946539937662,-0.8265839345939326,0.7868817647616585,-0.16430258973134082,0.5639810916244549,0.6815188659231921,0.0009231206326403559,1.832654187338523,0.06460424554138064,-0.4588314677411235,-0.3166647337106714,-0.14606671241033756,-0.16908589828131382,0.08748615141257711,0.006224890575030412,0.08141009865786077,-0.2702367611184965,-0.028243359176090277,-0.30418108109601516,-0.10888470560635363,-0.1542950746930757,-0.1081803991510799,-0.235218125441427,-0.11948603894131075,0
-0.6140503311208214,-0.04465994190076595,-0.0581975494104307,-0.23770640715122957,-0.43415389752969674,-0.3789717899470531,-0.2399587499932241,-0.3284264224414457,0.25382194769254784,-0.2101784395742358,-0.5148652725252135,-0.3277460316358103,-0.4857712506776933,0.8465659194117422,-0.278984000020258,0.32075780099148316,0.18452138352747222,-0.3377538466025715,-1.277772590619961,-0.21770558748328275,-1.7807750402783025,-0.2517596772811912,-0.8267706889152852,1.0723157414954676,-0.15693340157704977,0.5282105722750714,0.7576587171359996,0.08138790253483198,1.8530162683520335,0.11197143745700221,-0.4588314677411235,-0.3355765923584037,1.9514432450279686,-0.6661985839594466,0.6347991034497422,-0.973752166543812,-0.18994782225137855,0.9986382093268764,-0.0680969361559943,1.3288773597876788,-0.10875223054771571,0.21217817780995354,-0.10892024844195024,-0.8761145139286437,-0.1261118687424398,0
-0.6117805491489847,0.7928784389560932,0.6434921041210522,-0.2374955423554739,-0.48076220236913364,-0.4066401301408259,-0.23989228304765456,-0.34251328809282106,0.32519213814853054,-0.21025732802673855,-0.4575470616910094,-0.20965095269646247,-0.4864414994350264,1.010271746053096,-0.3418626923564952,0.1767407554214769,1.950341661344055,-0.3621729200754785,-1.4943585370749153,-0.23784932649430318,-1.7311853472616263,-0.22722146140896074,-0.822775298326283,1.3892359440503688,0.365100929374623,1.5130399267107997,1.8997366409567942,1.384313239974204,2.1491711549099213,0.11219228775355006,-0.4588314677411235,-0.3166647337106714,-0.7747042490934551,-0.6815160389054594,-0.8039427554394143,-1.7415225406157568,0.22000836323178669,1.5061788658194484,0.8278944128498767,1.9610401603656509,-0.08762256078316391,0.8460158749005704,-0.08278504801614582,-0.8745585668626273,-0.11505135673567063,0
-0.612472964782307,0.10543977952713439,0.12125266096630949,-0.24735287924020935,-0.47898389851102774,-0.42336119685748214,-0.24134614632864013,-0.35275581499604797,0.36831417917252185,-0.21053466873383897,-0.2513879690586482,-0.2565658758596553,-0.48673977790064343,1.1091697341522013,0.21089934582710457,1.2784534694033212,2.9894211262385273,-0.3778319709606606,-1.6469570550578405,-0.24947683850260458,-0.4882311117927215,-0.24543084491373748,-0.8232229413558537,1.511662379754002,-0.02806591662382801,0.7611809306586819,0.9461193996289212,0.3230879821357111,2.3450582795729846,0.10734958840084527,-0.4588314677411235,-0.14151679688436386,4.313834813040632,-0.6984572565754913,-0.6232598096547061,-1.5341609944026002,0.07763123690914372,1.4639659434463361,-0.3726442756167656,1.894007690907385,-0.12046021302277225,0.7873396466512924,-0.12254821159616858,-0.87391446822612,-0.12677137422974152,0
